_id,name,image,calories,protein,carbs,fat,preferences[0],preferences[1],preferences[2],restrictions[0],restrictions[1],context.mealTime[0],context.mealTime[1],context.mealTime[2],context.season,context.weather[0],context.weather[1],ingredients[0].name,ingredients[1].name,ingredients[2].name,ingredients[3].name,ingredients[4].name,ingredients[0].quantity,ingredients[1].quantity,ingredients[2].quantity,ingredients[3].quantity,ingredients[4].quantity,ingredients[0].unit,ingredients[1].unit,ingredients[2].unit,ingredients[3].unit,ingredients[4].unit,instructions[0],instructions[1],instructions[2],instructions[3],instructions[4],context.season[0],context.season[1]
683c99140410126eb2b9efaa,Cơm gạo lứt với cá hồi,/images/foods/brown-rice-salmon.jpg,450,30,45,20,healthy,high_protein,omega3,low_sodium,,lunch,dinner,,all,all,,Cá hồi,Gạo lứt,Bông cải xanh,Cà rốt,Dầu ô liu,150,100,100,50,1,g,g,g,g,muỗng canh,Nấu gạo lứt với tỷ lệ 1:2 (gạo:nước),Áp chảo cá hồi với dầu ô liu,Hấp bông cải và cà rốt,Trang trí và thưởng thức,,,
683c99140410126eb2b9efab,Bún gạo lứt với thịt gà,/images/foods/brown-rice-noodles-chicken.jpg,400,25,50,15,healthy,high_protein,,low_sugar,,lunch,dinner,,all,all,,Bún gạo lứt,Ức gà,Rau sống,Nước mắm,Chanh,200,150,100,2,1,g,g,g,muỗng canh,quả,Luộc bún gạo lứt,Áp chảo ức gà với gia vị,Rửa sạch rau sống,Pha nước mắm chua ngọt,Trộn đều và thưởng thức,,
683c99140410126eb2b9efac,Cơm gạo lứt với đậu hũ sốt cà chua,/images/foods/brown-rice-tofu-tomato.jpg,380,15,55,12,vegan,healthy,,low_sugar,,lunch,dinner,,all,all,,Gạo lứt,Đậu hũ,Cà chua,Hành tây,Dầu ô liu,100,200,200,50,1,g,g,g,g,muỗng canh,Nấu gạo lứt,Chiên đậu hũ vàng,Xào cà chua với hành tây,Nấu sốt cà chua với đậu hũ,Ăn kèm cơm gạo lứt,,
683c99140410126eb2b9efad,Mì gạo lứt với thịt bò xào rau,/images/foods/brown-rice-noodles-beef.jpg,420,28,48,18,high_protein,healthy,,low_sugar,,lunch,dinner,,all,all,,Mì gạo lứt,Thịt bò,Rau cải,Nước tương,Dầu mè,200,150,200,2,1,g,g,g,muỗng canh,muỗng canh,Luộc mì gạo lứt,Xào thịt bò với gia vị,Xào rau cải,Trộn đều với nước sốt,Trang trí và thưởng thức,,
683c99140410126eb2b9efae,Cơm gạo lứt với cá basa nướng,/images/foods/brown-rice-basa-fish.jpg,400,25,45,15,healthy,high_protein,,low_sugar,,lunch,dinner,,all,all,,Gạo lứt,Cá basa,Rau muống,Nước mắm,Chanh,100,200,200,2,1,g,g,g,muỗng canh,quả,Nấu gạo lứt,Ướp cá với gia vị,Nướng cá ở 180°C,Xào rau muống,Ăn kèm nước mắm chua ngọt,,
683c99140410126eb2b9efaf,Ức gà nướng sốt mật ong,/images/foods/honey-glazed-chicken.jpg,350,40,20,15,high_protein,healthy,,low_sugar,,lunch,dinner,,all,all,,Ức gà,Mật ong,Tỏi,Gừng,Nước tương,200,15,10,5,10,g,ml,g,g,ml,"Ướp gà với mật ong, tỏi, gừng và nước tương",Để ướp 30 phút,Nướng ở 180°C trong 20-25 phút,Kiểm tra độ chín và thưởng thức,,,
683c99140410126eb2b9efb0,Cá hồi áp chảo sốt chanh dây,/images/foods/pan-seared-salmon.jpg,380,35,15,22,high_protein,omega3,healthy,low_sugar,,lunch,dinner,,all,all,,Cá hồi,Chanh dây,Dầu ô liu,Hành tây,Gừng,200,2,1,30,5,g,quả,muỗng canh,g,g,Áp chảo cá hồi với dầu ô liu,Làm sốt chanh dây với hành tây và gừng,Rưới sốt lên cá,Trang trí và thưởng thức,,,
683c99140410126eb2b9efb1,Đậu hũ sốt nấm,/images/foods/tofu-mushroom.jpg,250,18,20,12,vegan,healthy,,low_sugar,,lunch,dinner,,all,all,,Đậu hũ,Nấm đông cô,Nấm bào ngư,Nước tương,Hành lá,200,100,100,2,20,g,g,g,muỗng canh,g,Chiên đậu hũ vàng,Xào nấm với gia vị,Nấu sốt với nước tương,Trang trí với hành lá,Thưởng thức,,
683c99140410126eb2b9efb2,Salad đậu hũ non,/images/foods/tofu-salad.jpg,250,15,20,12,vegan,healthy,,low_sugar,,lunch,dinner,,,hot,,Đậu hũ non,Rau xà lách,Cà chua bi,Dầu ô liu,Giấm balsamic,200,100,50,1,1,g,g,g,muỗng canh,muỗng canh,Cắt đậu hũ thành miếng vuông,Rửa và cắt rau,Trộn đều với dầu ô liu và giấm,Trang trí và thưởng thức,,spring,summer
683c99140410126eb2b9efb3,Rau cải xào tỏi,/images/foods/garlic-greens.jpg,120,5,15,6,vegan,healthy,,low_sugar,,lunch,dinner,,all,all,,Rau cải,Tỏi,Dầu ô liu,Muối,Tiêu,300,20,1,1,0.5,g,g,muỗng canh,muỗng cà phê,muỗng cà phê,Rửa và cắt rau,Băm nhỏ tỏi,Xào tỏi thơm,Xào rau với gia vị,Thưởng thức,,
683c99140410126eb2b9efb4,Súp gà nấm,/images/foods/chicken-mushroom-soup.jpg,280,25,20,12,healthy,high_protein,,low_sodium,,lunch,dinner,,,cold,rainy,Ức gà,Nấm đông cô,Nấm bào ngư,Hành tây,Gừng,150,100,100,50,10,g,g,g,g,g,Nấu nước dùng gà,Thêm nấm và gia vị,Nấu đến khi nấm chín,Thêm hành lá và thưởng thức,,winter,fall
683c99140410126eb2b9efb5,Canh rau cải thịt bò,/images/foods/beef-vegetable-soup.jpg,250,20,15,10,healthy,high_protein,,low_sodium,,lunch,dinner,,all,all,,Thịt bò,Rau cải,Cà rốt,Hành lá,Gừng,100,200,50,20,5,g,g,g,g,g,Nấu nước dùng với gừng,Thêm thịt bò,"Khi thịt chín, thêm rau",Nêm gia vị và thưởng thức,,,
683c99140410126eb2b9efb6,Yến mạch với trái cây,/images/foods/oatmeal-fruits.jpg,320,12,55,8,healthy,vegan,,low_sugar,,breakfast,,,all,all,,Yến mạch,Sữa hạnh nhân,Chuối,Dâu tây,Hạt chia,50,200,1,50,10,g,ml,quả,g,g,Nấu yến mạch với sữa hạnh nhân,Cắt trái cây,Trang trí với trái cây và hạt chia,Thưởng thức,,,
683c99140410126eb2b9efb7,Trứng ốp la với bánh mì nguyên cám,/images/foods/eggs-whole-grain-bread.jpg,350,20,30,15,high_protein,healthy,,low_sugar,,breakfast,,,all,all,,Trứng,Bánh mì nguyên cám,Bơ,Rau xà lách,Cà chua,2,2,10,50,50,quả,lát,g,g,g,Chiên trứng ốp la,Nướng bánh mì,Rửa và cắt rau,Trang trí và thưởng thức,,,
683c99140410126eb2b9efb8,Sữa chua với granola và trái cây,/images/foods/yogurt-granola-fruits.jpg,250,15,30,8,healthy,high_protein,,low_sugar,,dessert,snack,,all,all,,Sữa chua Hy Lạp,Granola,Dâu tây,Mật ong,Hạt hạnh nhân,200,30,50,5,10,g,g,g,ml,g,Cho sữa chua vào bát,Thêm granola và trái cây,Rưới mật ong,Trang trí với hạt và thưởng thức,,,
683c99140410126eb2b9efb9,Sinh tố trái cây và rau xanh,/images/foods/green-smoothie.jpg,200,8,35,5,healthy,vegan,,low_sugar,,snack,dessert,,,hot,,Rau bina,Chuối,Táo,Sữa hạnh nhân,Hạt chia,50,1,1,200,10,g,quả,quả,ml,g,Rửa sạch rau và trái cây,Cắt nhỏ trái cây,Xay nhuyễn tất cả nguyên liệu,Thêm hạt chia và thưởng thức,,spring,summer
683c99140410126eb2b9efba,Cơm gạo lứt với thịt bò xào bông cải,/images/foods/brown-rice-beef-broccoli.jpg,420,30,45,18,high_protein,healthy,,low_sugar,,lunch,dinner,,all,all,,Gạo lứt,Thịt bò,Bông cải xanh,Nước tương,Dầu mè,100,150,150,2,1,g,g,g,muỗng canh,muỗng canh,Nấu gạo lứt,Xào thịt bò với gia vị,Xào bông cải,Trộn đều và thưởng thức,,,
683c99140410126eb2b9efbb,Mì gạo lứt với tôm và rau củ,/images/foods/brown-rice-noodles-shrimp.jpg,380,25,48,12,healthy,high_protein,,low_sugar,,lunch,dinner,,all,all,,Mì gạo lứt,Tôm,Cà rốt,Đậu que,Nước tương,200,150,50,50,2,g,g,g,g,muỗng canh,Luộc mì gạo lứt,Xào tôm với gia vị,Xào rau củ,Trộn đều và thưởng thức,,,
683c99140410126eb2b9efbc,Cá ngừ áp chảo sốt cam,/images/foods/pan-seared-tuna-orange.jpg,350,40,15,18,high_protein,omega3,healthy,low_sugar,,lunch,dinner,,all,all,,Cá ngừ,Cam,Dầu ô liu,Hành tây,Gừng,200,1,1,30,5,g,quả,muỗng canh,g,g,Áp chảo cá ngừ với dầu ô liu,Làm sốt cam với hành tây và gừng,Rưới sốt lên cá,Trang trí và thưởng thức,,,
683c99140410126eb2b9efbd,Đậu hũ sốt đậu phộng,/images/foods/tofu-peanut-sauce.jpg,280,20,25,15,vegan,healthy,,low_sugar,,lunch,dinner,,all,all,,Đậu hũ,Bơ đậu phộng,Nước tương,Hành lá,Ớt,200,30,2,20,5,g,g,muỗng canh,g,g,Chiên đậu hũ vàng,Làm sốt đậu phộng với nước tương,Rưới sốt lên đậu hũ,Trang trí với hành lá và ớt,Thưởng thức,,
683c99140410126eb2b9efbe,Salad cá ngừ,/images/foods/tuna-salad.jpg,300,25,20,15,high_protein,healthy,,low_sugar,,lunch,dinner,,,hot,,Cá ngừ,Rau xà lách,Cà chua bi,Dầu ô liu,Giấm balsamic,150,100,50,1,1,g,g,g,muỗng canh,muỗng canh,Áp chảo cá ngừ,Rửa và cắt rau,Trộn đều với dầu ô liu và giấm,Trang trí và thưởng thức,,spring,summer
683c99140410126eb2b9efbf,Rau muống xào tỏi,/images/foods/garlic-water-spinach.jpg,120,5,15,6,vegan,healthy,,low_sugar,,lunch,dinner,,all,all,,Rau muống,Tỏi,Dầu ô liu,Muối,Tiêu,300,20,1,1,0.5,g,g,muỗng canh,muỗng cà phê,muỗng cà phê,Rửa và cắt rau,Băm nhỏ tỏi,Xào tỏi thơm,Xào rau với gia vị,Thưởng thức,,
683c99140410126eb2b9efc0,Súp bí đỏ,/images/foods/pumpkin-soup.jpg,200,8,30,10,vegan,healthy,,low_sugar,,lunch,dinner,,,cold,rainy,Bí đỏ,Hành tây,Sữa hạnh nhân,Gừng,Hạt bí,300,50,200,10,20,g,g,ml,g,g,Nấu bí đỏ với hành tây và gừng,Xay nhuyễn,Thêm sữa hạnh nhân,Trang trí với hạt bí và thưởng thức,,winter,fall
683c99140410126eb2b9efc1,Canh rau cải thịt gà,/images/foods/chicken-vegetable-soup.jpg,250,20,15,10,healthy,high_protein,,low_sodium,,lunch,dinner,,all,all,,Thịt gà,Rau cải,Cà rốt,Hành lá,Gừng,100,200,50,20,5,g,g,g,g,g,Nấu nước dùng với gừng,Thêm thịt gà,"Khi thịt chín, thêm rau",Nêm gia vị và thưởng thức,,,
683c99140410126eb2b9efc2,Bánh mì nguyên cám với trứng và bơ,/images/foods/whole-grain-bread-eggs-avocado.jpg,350,18,30,20,high_protein,healthy,,low_sugar,,breakfast,,,all,all,,Bánh mì nguyên cám,Trứng,Bơ,Rau xà lách,Cà chua,2,2,50,50,50,lát,quả,g,g,g,Nướng bánh mì,Chiên trứng,Cắt bơ và rau,Trang trí và thưởng thức,,,
683c99140410126eb2b9efc3,Yến mạch với sữa chua và trái cây,/images/foods/oatmeal-yogurt-fruits.jpg,320,15,50,10,healthy,high_protein,,low_sugar,,breakfast,,,all,all,,Yến mạch,Sữa chua Hy Lạp,Chuối,Dâu tây,Hạt chia,50,100,1,50,10,g,g,quả,g,g,Nấu yến mạch với sữa hạnh nhân,Cắt trái cây,Trang trí với trái cây và hạt chia,Thưởng thức,,,
683c99140410126eb2b9efc4,Sinh tố dâu tây và chuối,/images/foods/strawberry-banana-smoothie.jpg,250,10,40,8,healthy,vegan,,low_sugar,,snack,dessert,,,hot,,Dâu tây,Chuối,Sữa hạnh nhân,Hạt chia,Mật ong,100,1,200,10,5,g,quả,ml,g,ml,Rửa sạch trái cây,Cắt nhỏ trái cây,Xay nhuyễn tất cả nguyên liệu,Thêm hạt chia và thưởng thức,,spring,summer
683c99140410126eb2b9efc5,Sữa chua với granola và mật ong,/images/foods/yogurt-granola-honey.jpg,280,15,35,10,healthy,high_protein,,low_sugar,,dessert,snack,,all,all,,Sữa chua Hy Lạp,Granola,Mật ong,Hạt hạnh nhân,Quế,200,30,10,10,1,g,g,ml,g,muỗng cà phê,Cho sữa chua vào bát,Thêm granola,Rưới mật ong,Trang trí với hạt và quế,Thưởng thức,,
683c99140410126eb2b9efc6,Cơm gạo lứt với cá thu sốt cà chua,/images/foods/brown-rice-mackerel-tomato.jpg,420,28,45,18,healthy,high_protein,omega3,low_sodium,,lunch,dinner,,all,all,,Cá thu,Gạo lứt,Cà chua,Hành tây,Dầu ô liu,150,100,100,50,1,g,g,g,g,muỗng canh,Nấu gạo lứt,Chiên cá thu,Làm sốt cà chua với hành tây,Ăn kèm cơm gạo lứt,,,
683c99140410126eb2b9efc7,Mì gạo lứt với thịt heo xào nấm,/images/foods/brown-rice-noodles-pork-mushroom.jpg,400,25,48,15,healthy,high_protein,,low_sugar,,lunch,dinner,,all,all,,Mì gạo lứt,Thịt heo,Nấm đông cô,Nấm bào ngư,Nước tương,200,150,100,100,2,g,g,g,g,muỗng canh,Luộc mì gạo lứt,Xào thịt heo với gia vị,Xào nấm,Trộn đều và thưởng thức,,,
683c99140410126eb2b9efc8,Cá basa nướng sốt chanh,/images/foods/baked-basa-lemon.jpg,350,35,15,18,high_protein,healthy,,low_sugar,,lunch,dinner,,all,all,,Cá basa,Chanh,Dầu ô liu,Tỏi,Gừng,200,1,1,10,5,g,quả,muỗng canh,g,g,"Ướp cá với chanh, tỏi, gừng",Nướng ở 180°C,Làm sốt chanh,Rưới sốt lên cá và thưởng thức,,,
683c99140410126eb2b9efc9,Đậu hũ sốt nấm và rau củ,/images/foods/tofu-mushroom-vegetables.jpg,280,18,25,12,vegan,healthy,,low_sugar,,lunch,dinner,,all,all,,Đậu hũ,Nấm đông cô,Cà rốt,Đậu que,Nước tương,200,100,50,50,2,g,g,g,g,muỗng canh,Chiên đậu hũ vàng,Xào nấm và rau củ,Nấu sốt với nước tương,Trang trí và thưởng thức,,,
683c99140410126eb2b9efca,Salad rau củ với sốt mè,/images/foods/vegetable-salad-sesame.jpg,200,8,25,10,vegan,healthy,,low_sugar,,lunch,dinner,,,hot,,Rau xà lách,Cà rốt,Dưa leo,Sốt mè,Hạt mè,100,50,50,2,10,g,g,g,muỗng canh,g,Rửa và cắt rau củ,Trộn đều với sốt mè,Rắc hạt mè lên trên,Thưởng thức,,spring,summer
683c99140410126eb2b9efcb,Rau cải xào nấm,/images/foods/greens-mushroom-stirfry.jpg,150,8,20,7,vegan,healthy,,low_sugar,,lunch,dinner,,all,all,,Rau cải,Nấm đông cô,Tỏi,Dầu ô liu,Nước tương,200,100,10,1,1,g,g,g,muỗng canh,muỗng canh,Rửa và cắt rau,Xào tỏi thơm,Xào nấm và rau,Nêm gia vị và thưởng thức,,,
683c99140410126eb2b9efcc,Súp bí đỏ nấm,/images/foods/pumpkin-mushroom-soup.jpg,220,10,35,8,vegan,healthy,,low_sugar,,lunch,dinner,,,cold,rainy,Bí đỏ,Nấm đông cô,Hành tây,Sữa hạnh nhân,Gừng,300,100,50,200,10,g,g,g,ml,g,Nấu bí đỏ với hành tây và gừng,Thêm nấm,Xay nhuyễn,Thêm sữa hạnh nhân và thưởng thức,,winter,fall
683c99140410126eb2b9efcd,Canh rau cải thịt bò viên,/images/foods/beef-ball-vegetable-soup.jpg,280,22,18,12,healthy,high_protein,,low_sodium,,lunch,dinner,,all,all,,Thịt bò viên,Rau cải,Cà rốt,Hành lá,Gừng,150,200,50,20,5,g,g,g,g,g,Nấu nước dùng với gừng,Thêm thịt bò viên,"Khi thịt chín, thêm rau",Nêm gia vị và thưởng thức,,,
683c99140410126eb2b9efce,Yến mạch với sữa chua và mật ong,/images/foods/oatmeal-yogurt-honey.jpg,300,12,45,10,healthy,high_protein,,low_sugar,,breakfast,,,all,all,,Yến mạch,Sữa chua Hy Lạp,Mật ong,Hạt chia,Quế,50,100,10,10,1,g,g,ml,g,muỗng cà phê,Nấu yến mạch với nước,Thêm sữa chua,Rưới mật ong,Trang trí với hạt chia và quế,Thưởng thức,,
683c99140410126eb2b9efcf,Bánh mì nguyên cám với trứng và rau,/images/foods/whole-grain-bread-eggs-vegetables.jpg,320,18,35,15,high_protein,healthy,,low_sugar,,breakfast,,,all,all,,Bánh mì nguyên cám,Trứng,Rau xà lách,Cà chua,Dầu ô liu,2,2,50,50,1,lát,quả,g,g,muỗng canh,Nướng bánh mì,Chiên trứng,Rửa và cắt rau,Trang trí và thưởng thức,,,
683c99140410126eb2b9efd0,Sinh tố chuối và hạt chia,/images/foods/banana-chia-smoothie.jpg,250,10,35,8,healthy,vegan,,low_sugar,,snack,dessert,,,hot,,Chuối,Sữa hạnh nhân,Hạt chia,Mật ong,Quế,2,200,15,5,1,quả,ml,g,ml,muỗng cà phê,Cắt nhỏ chuối,Xay nhuyễn với sữa hạnh nhân,Thêm hạt chia,Rưới mật ong và rắc quế,Thưởng thức,spring,summer
683c99140410126eb2b9efd1,Sữa chua với trái cây và granola,/images/foods/yogurt-fruits-granola.jpg,280,15,35,10,healthy,high_protein,,low_sugar,,dessert,snack,,all,all,,Sữa chua Hy Lạp,Dâu tây,Chuối,Granola,Mật ong,200,50,1,30,5,g,g,quả,g,ml,Cho sữa chua vào bát,Cắt trái cây,Thêm granola,Rưới mật ong,Thưởng thức,,
683c99140410126eb2b9efd2,Cơm gạo lứt với tôm xào rau củ,/images/foods/brown-rice-shrimp-vegetables.jpg,380,25,45,12,healthy,high_protein,,low_sugar,,lunch,dinner,,all,all,,Gạo lứt,Tôm,Cà rốt,Đậu que,Nước tương,100,150,50,50,2,g,g,g,g,muỗng canh,Nấu gạo lứt,Xào tôm với gia vị,Xào rau củ,Ăn kèm cơm gạo lứt,,,
683c99140410126eb2b9efd3,Mì gạo lứt với thịt gà xào nấm,/images/foods/brown-rice-noodles-chicken-mushroom.jpg,400,28,45,15,healthy,high_protein,,low_sugar,,lunch,dinner,,all,all,,Mì gạo lứt,Ức gà,Nấm đông cô,Nấm bào ngư,Nước tương,200,150,100,100,2,g,g,g,g,muỗng canh,Luộc mì gạo lứt,Xào thịt gà với gia vị,Xào nấm,Trộn đều và thưởng thức,,,
683c99140410126eb2b9efd4,Cá hồi nướng sốt cam,/images/foods/baked-salmon-orange.jpg,380,35,15,20,high_protein,omega3,healthy,low_sugar,,lunch,dinner,,all,all,,Cá hồi,Cam,Dầu ô liu,Hành tây,Gừng,200,1,1,30,5,g,quả,muỗng canh,g,g,Ướp cá với nước cam,Nướng ở 180°C,Làm sốt cam với hành tây và gừng,Rưới sốt lên cá và thưởng thức,,,
683c99140410126eb2b9efd5,Đậu hũ sốt đậu phộng,/images/foods/tofu-peanut-sauce.jpg,280,20,25,15,vegan,healthy,,low_sugar,,lunch,dinner,,all,all,,Đậu hũ,Bơ đậu phộng,Nước tương,Hành lá,Ớt,200,30,2,20,5,g,g,muỗng canh,g,g,Chiên đậu hũ vàng,Làm sốt đậu phộng với nước tương,Rưới sốt lên đậu hũ,Trang trí với hành lá và ớt,Thưởng thức,,
683c99140410126eb2b9efd6,Salad cá ngừ,/images/foods/tuna-salad.jpg,300,25,20,15,high_protein,healthy,,low_sugar,,lunch,dinner,,,hot,,Cá ngừ,Rau xà lách,Cà chua bi,Dầu ô liu,Giấm balsamic,150,100,50,1,1,g,g,g,muỗng canh,muỗng canh,Áp chảo cá ngừ,Rửa và cắt rau,Trộn đều với dầu ô liu và giấm,Trang trí và thưởng thức,,spring,summer
683c99140410126eb2b9efd7,Rau muống xào tỏi,/images/foods/garlic-water-spinach.jpg,120,5,15,6,vegan,healthy,,low_sugar,,lunch,dinner,,all,all,,Rau muống,Tỏi,Dầu ô liu,Muối,Tiêu,300,20,1,1,0.5,g,g,muỗng canh,muỗng cà phê,muỗng cà phê,Rửa và cắt rau,Băm nhỏ tỏi,Xào tỏi thơm,Xào rau với gia vị,Thưởng thức,,
683c99140410126eb2b9efd8,Súp bí đỏ,/images/foods/pumpkin-soup.jpg,200,8,30,10,vegan,healthy,,low_sugar,,lunch,dinner,,,cold,rainy,Bí đỏ,Hành tây,Sữa hạnh nhân,Gừng,Hạt bí,300,50,200,10,20,g,g,ml,g,g,Nấu bí đỏ với hành tây và gừng,Xay nhuyễn,Thêm sữa hạnh nhân,Trang trí với hạt bí và thưởng thức,,winter,fall
683c99140410126eb2b9efd9,Canh rau cải thịt gà,/images/foods/chicken-vegetable-soup.jpg,250,20,15,10,healthy,high_protein,,low_sodium,,lunch,dinner,,all,all,,Thịt gà,Rau cải,Cà rốt,Hành lá,Gừng,100,200,50,20,5,g,g,g,g,g,Nấu nước dùng với gừng,Thêm thịt gà,"Khi thịt chín, thêm rau",Nêm gia vị và thưởng thức,,,
683c99140410126eb2b9efda,Bánh mì nguyên cám với trứng và bơ,/images/foods/whole-grain-bread-eggs-avocado.jpg,350,18,30,20,high_protein,healthy,,low_sugar,,breakfast,,,all,all,,Bánh mì nguyên cám,Trứng,Bơ,Rau xà lách,Cà chua,2,2,50,50,50,lát,quả,g,g,g,Nướng bánh mì,Chiên trứng,Cắt bơ và rau,Trang trí và thưởng thức,,,
683c99140410126eb2b9efdb,Yến mạch với sữa chua và trái cây,/images/foods/oatmeal-yogurt-fruits.jpg,320,15,50,10,healthy,high_protein,,low_sugar,,breakfast,,,all,all,,Yến mạch,Sữa chua Hy Lạp,Chuối,Dâu tây,Hạt chia,50,100,1,50,10,g,g,quả,g,g,Nấu yến mạch với sữa hạnh nhân,Cắt trái cây,Trang trí với trái cây và hạt chia,Thưởng thức,,,
683c99140410126eb2b9efdc,Sinh tố dâu tây và chuối,/images/foods/strawberry-banana-smoothie.jpg,250,10,40,8,healthy,vegan,,low_sugar,,snack,dessert,,,hot,,Dâu tây,Chuối,Sữa hạnh nhân,Hạt chia,Mật ong,100,1,200,10,5,g,quả,ml,g,ml,Rửa sạch trái cây,Cắt nhỏ trái cây,Xay nhuyễn tất cả nguyên liệu,Thêm hạt chia và thưởng thức,,spring,summer
683c99140410126eb2b9efdd,Sữa chua với granola và mật ong,/images/foods/yogurt-granola-honey.jpg,280,15,35,10,healthy,high_protein,,low_sugar,,dessert,snack,,all,all,,Sữa chua Hy Lạp,Granola,Mật ong,Hạt hạnh nhân,Quế,200,30,10,10,1,g,g,ml,g,muỗng cà phê,Cho sữa chua vào bát,Thêm granola,Rưới mật ong,Trang trí với hạt và quế,Thưởng thức,,
683c99140410126eb2b9efde,Cơm gạo lứt với cá thu sốt cà chua,/images/foods/brown-rice-mackerel-tomato.jpg,420,28,45,18,healthy,high_protein,omega3,low_sodium,,lunch,dinner,,all,all,,Cá thu,Gạo lứt,Cà chua,Hành tây,Dầu ô liu,150,100,100,50,1,g,g,g,g,muỗng canh,Nấu gạo lứt,Chiên cá thu,Làm sốt cà chua với hành tây,Ăn kèm cơm gạo lứt,,,
683c99140410126eb2b9efdf,Mì gạo lứt với thịt heo xào nấm,/images/foods/brown-rice-noodles-pork-mushroom.jpg,400,25,48,15,healthy,high_protein,,low_sugar,,lunch,dinner,,all,all,,Mì gạo lứt,Thịt heo,Nấm đông cô,Nấm bào ngư,Nước tương,200,150,100,100,2,g,g,g,g,muỗng canh,Luộc mì gạo lứt,Xào thịt heo với gia vị,Xào nấm,Trộn đều và thưởng thức,,,
683c99140410126eb2b9efe0,Cá basa nướng sốt chanh,/images/foods/baked-basa-lemon.jpg,350,35,15,18,high_protein,healthy,,low_sugar,,lunch,dinner,,all,all,,Cá basa,Chanh,Dầu ô liu,Tỏi,Gừng,200,1,1,10,5,g,quả,muỗng canh,g,g,"Ướp cá với chanh, tỏi, gừng",Nướng ở 180°C,Làm sốt chanh,Rưới sốt lên cá và thưởng thức,,,
683c99140410126eb2b9efe1,Đậu hũ sốt nấm và rau củ,/images/foods/tofu-mushroom-vegetables.jpg,280,18,25,12,vegan,healthy,,low_sugar,,lunch,dinner,,all,all,,Đậu hũ,Nấm đông cô,Cà rốt,Đậu que,Nước tương,200,100,50,50,2,g,g,g,g,muỗng canh,Chiên đậu hũ vàng,Xào nấm và rau củ,Nấu sốt với nước tương,Trang trí và thưởng thức,,,
683c99140410126eb2b9efe2,Salad rau củ với sốt mè,/images/foods/vegetable-salad-sesame.jpg,200,8,25,10,vegan,healthy,,low_sugar,,lunch,dinner,,,hot,,Rau xà lách,Cà rốt,Dưa leo,Sốt mè,Hạt mè,100,50,50,2,10,g,g,g,muỗng canh,g,Rửa và cắt rau củ,Trộn đều với sốt mè,Rắc hạt mè lên trên,Thưởng thức,,spring,summer
683c99140410126eb2b9efe3,Rau cải xào nấm,/images/foods/greens-mushroom-stirfry.jpg,150,8,20,7,vegan,healthy,,low_sugar,,lunch,dinner,,all,all,,Rau cải,Nấm đông cô,Tỏi,Dầu ô liu,Nước tương,200,100,10,1,1,g,g,g,muỗng canh,muỗng canh,Rửa và cắt rau,Xào tỏi thơm,Xào nấm và rau,Nêm gia vị và thưởng thức,,,
683c99140410126eb2b9efe4,Súp bí đỏ nấm,/images/foods/pumpkin-mushroom-soup.jpg,220,10,35,8,vegan,healthy,,low_sugar,,lunch,dinner,,,cold,rainy,Bí đỏ,Nấm đông cô,Hành tây,Sữa hạnh nhân,Gừng,300,100,50,200,10,g,g,g,ml,g,Nấu bí đỏ với hành tây và gừng,Thêm nấm,Xay nhuyễn,Thêm sữa hạnh nhân và thưởng thức,,winter,fall
683c99140410126eb2b9efe5,Canh rau cải thịt bò viên,/images/foods/beef-ball-vegetable-soup.jpg,280,22,18,12,healthy,high_protein,,low_sodium,,lunch,dinner,,all,all,,Thịt bò viên,Rau cải,Cà rốt,Hành lá,Gừng,150,200,50,20,5,g,g,g,g,g,Nấu nước dùng với gừng,Thêm thịt bò viên,"Khi thịt chín, thêm rau",Nêm gia vị và thưởng thức,,,
683c99140410126eb2b9efe6,Yến mạch với sữa chua và mật ong,/images/foods/oatmeal-yogurt-honey.jpg,300,12,45,10,healthy,high_protein,,low_sugar,,breakfast,,,all,all,,Yến mạch,Sữa chua Hy Lạp,Mật ong,Hạt chia,Quế,50,100,10,10,1,g,g,ml,g,muỗng cà phê,Nấu yến mạch với nước,Thêm sữa chua,Rưới mật ong,Trang trí với hạt chia và quế,Thưởng thức,,
683c99140410126eb2b9efe7,Bánh mì nguyên cám với trứng và rau,/images/foods/whole-grain-bread-eggs-vegetables.jpg,320,18,35,15,high_protein,healthy,,low_sugar,,breakfast,,,all,all,,Bánh mì nguyên cám,Trứng,Rau xà lách,Cà chua,Dầu ô liu,2,2,50,50,1,lát,quả,g,g,muỗng canh,Nướng bánh mì,Chiên trứng,Rửa và cắt rau,Trang trí và thưởng thức,,,
683c99140410126eb2b9efe8,Sinh tố chuối và hạt chia,/images/foods/banana-chia-smoothie.jpg,250,10,35,8,healthy,vegan,,low_sugar,,snack,dessert,,,hot,,Chuối,Sữa hạnh nhân,Hạt chia,Mật ong,Quế,2,200,15,5,1,quả,ml,g,ml,muỗng cà phê,Cắt nhỏ chuối,Xay nhuyễn với sữa hạnh nhân,Thêm hạt chia,Rưới mật ong và rắc quế,Thưởng thức,spring,summer
683c99140410126eb2b9efe9,Sữa chua với trái cây và granola,/images/foods/yogurt-fruits-granola.jpg,280,15,35,10,healthy,high_protein,,low_sugar,,dessert,snack,,all,all,,Sữa chua Hy Lạp,Dâu tây,Chuối,Granola,Mật ong,200,50,1,30,5,g,g,quả,g,ml,Cho sữa chua vào bát,Cắt trái cây,Thêm granola,Rưới mật ong,Thưởng thức,,
683c99140410126eb2b9efea,Cơm gạo lứt với tôm xào rau củ,/images/foods/brown-rice-shrimp-vegetables.jpg,380,25,45,12,healthy,high_protein,,low_sugar,,lunch,dinner,,all,all,,Gạo lứt,Tôm,Cà rốt,Đậu que,Nước tương,100,150,50,50,2,g,g,g,g,muỗng canh,Nấu gạo lứt,Xào tôm với gia vị,Xào rau củ,Ăn kèm cơm gạo lứt,,,
683c99140410126eb2b9efeb,Mì gạo lứt với thịt gà xào nấm,/images/foods/brown-rice-noodles-chicken-mushroom.jpg,400,28,45,15,healthy,high_protein,,low_sugar,,lunch,dinner,,all,all,,Mì gạo lứt,Ức gà,Nấm đông cô,Nấm bào ngư,Nước tương,200,150,100,100,2,g,g,g,g,muỗng canh,Luộc mì gạo lứt,Xào thịt gà với gia vị,Xào nấm,Trộn đều và thưởng thức,,,
683c99140410126eb2b9efec,Cá hồi nướng sốt cam,/images/foods/baked-salmon-orange.jpg,380,35,15,20,high_protein,omega3,healthy,low_sugar,,lunch,dinner,,all,all,,Cá hồi,Cam,Dầu ô liu,Hành tây,Gừng,200,1,1,30,5,g,quả,muỗng canh,g,g,Ướp cá với nước cam,Nướng ở 180°C,Làm sốt cam với hành tây và gừng,Rưới sốt lên cá và thưởng thức,,,
683c99140410126eb2b9efed,Đậu hũ sốt đậu phộng,/images/foods/tofu-peanut-sauce.jpg,280,20,25,15,vegan,healthy,,low_sugar,,lunch,dinner,,all,all,,Đậu hũ,Bơ đậu phộng,Nước tương,Hành lá,Ớt,200,30,2,20,5,g,g,muỗng canh,g,g,Chiên đậu hũ vàng,Làm sốt đậu phộng với nước tương,Rưới sốt lên đậu hũ,Trang trí với hành lá và ớt,Thưởng thức,,
683c99140410126eb2b9efee,Salad cá ngừ,/images/foods/tuna-salad.jpg,300,25,20,15,high_protein,healthy,,low_sugar,,lunch,dinner,,,hot,,Cá ngừ,Rau xà lách,Cà chua bi,Dầu ô liu,Giấm balsamic,150,100,50,1,1,g,g,g,muỗng canh,muỗng canh,Áp chảo cá ngừ,Rửa và cắt rau,Trộn đều với dầu ô liu và giấm,Trang trí và thưởng thức,,spring,summer
683c99140410126eb2b9efef,Rau muống xào tỏi,/images/foods/garlic-water-spinach.jpg,120,5,15,6,vegan,healthy,,low_sugar,,lunch,dinner,,all,all,,Rau muống,Tỏi,Dầu ô liu,Muối,Tiêu,300,20,1,1,0.5,g,g,muỗng canh,muỗng cà phê,muỗng cà phê,Rửa và cắt rau,Băm nhỏ tỏi,Xào tỏi thơm,Xào rau với gia vị,Thưởng thức,,
683c99140410126eb2b9eff0,Súp bí đỏ,/images/foods/pumpkin-soup.jpg,200,8,30,10,vegan,healthy,,low_sugar,,lunch,dinner,,,cold,rainy,Bí đỏ,Hành tây,Sữa hạnh nhân,Gừng,Hạt bí,300,50,200,10,20,g,g,ml,g,g,Nấu bí đỏ với hành tây và gừng,Xay nhuyễn,Thêm sữa hạnh nhân,Trang trí với hạt bí và thưởng thức,,winter,fall
683c99140410126eb2b9eff1,Canh rau cải thịt gà,/images/foods/chicken-vegetable-soup.jpg,250,20,15,10,healthy,high_protein,,low_sodium,,lunch,dinner,,all,all,,Thịt gà,Rau cải,Cà rốt,Hành lá,Gừng,100,200,50,20,5,g,g,g,g,g,Nấu nước dùng với gừng,Thêm thịt gà,"Khi thịt chín, thêm rau",Nêm gia vị và thưởng thức,,,
683c99140410126eb2b9eff2,Bánh mì nguyên cám với trứng và bơ,/images/foods/whole-grain-bread-eggs-avocado.jpg,350,18,30,20,high_protein,healthy,,low_sugar,,breakfast,,,all,all,,Bánh mì nguyên cám,Trứng,Bơ,Rau xà lách,Cà chua,2,2,50,50,50,lát,quả,g,g,g,Nướng bánh mì,Chiên trứng,Cắt bơ và rau,Trang trí và thưởng thức,,,
683c99140410126eb2b9eff3,Yến mạch với sữa chua và trái cây,/images/foods/oatmeal-yogurt-fruits.jpg,320,15,50,10,healthy,high_protein,,low_sugar,,breakfast,,,all,all,,Yến mạch,Sữa chua Hy Lạp,Chuối,Dâu tây,Hạt chia,50,100,1,50,10,g,g,quả,g,g,Nấu yến mạch với sữa hạnh nhân,Cắt trái cây,Trang trí với trái cây và hạt chia,Thưởng thức,,,
683c99140410126eb2b9eff4,Sinh tố dâu tây và chuối,/images/foods/strawberry-banana-smoothie.jpg,250,10,40,8,healthy,vegan,,low_sugar,,snack,dessert,,,hot,,Dâu tây,Chuối,Sữa hạnh nhân,Hạt chia,Mật ong,100,1,200,10,5,g,quả,ml,g,ml,Rửa sạch trái cây,Cắt nhỏ trái cây,Xay nhuyễn tất cả nguyên liệu,Thêm hạt chia và thưởng thức,,spring,summer
683c99140410126eb2b9eff5,Sữa chua với granola và mật ong,/images/foods/yogurt-granola-honey.jpg,280,15,35,10,healthy,high_protein,,low_sugar,,dessert,snack,,all,all,,Sữa chua Hy Lạp,Granola,Mật ong,Hạt hạnh nhân,Quế,200,30,10,10,1,g,g,ml,g,muỗng cà phê,Cho sữa chua vào bát,Thêm granola,Rưới mật ong,Trang trí với hạt và quế,Thưởng thức,,
683c99140410126eb2b9eff6,Sữa chua với trái cây và hạt,/images/foods/yogurt-fruits-nuts.jpg,300,18,30,15,healthy,high_protein,,low_sugar,,dessert,snack,,all,all,,Sữa chua Hy Lạp,Táo,Hạt hạnh nhân,Hạt óc chó,Mật ong,200,1,15,15,5,g,quả,g,g,ml,Cho sữa chua vào bát,Cắt táo,Thêm các loại hạt,Rưới mật ong và thưởng thức,,,
683c99140410126eb2b9eff7,Cơm gạo lứt với cá trắm sốt chanh dây,/images/foods/brown-rice-fish-passion-fruit.jpg,400,30,45,15,healthy,high_protein,,low_sugar,,lunch,dinner,,all,all,,Gạo lứt,Cá trắm,Chanh dây,Hành tây,Dầu ô liu,100,200,2,50,1,g,g,quả,g,muỗng canh,Nấu gạo lứt,Chiên cá trắm,Làm sốt chanh dây với hành tây,Ăn kèm cơm gạo lứt,,,
683c99140410126eb2b9eff8,Mì gạo lứt với bò xào rau cải,/images/foods/brown-rice-noodles-beef-greens.jpg,420,30,45,18,healthy,high_protein,,low_sugar,,lunch,dinner,,all,all,,Mì gạo lứt,Thịt bò,Rau cải,Tỏi,Nước tương,200,150,200,20,2,g,g,g,g,muỗng canh,Luộc mì gạo lứt,Xào thịt bò với tỏi,Xào rau cải,Trộn đều và thưởng thức,,,
683c99140410126eb2b9eff9,Cá lóc nướng sốt me,/images/foods/baked-snakehead-fish-tamarind.jpg,350,32,20,16,high_protein,healthy,,low_sugar,,lunch,dinner,,all,all,,Cá lóc,Me,Tỏi,Ớt,Dầu ô liu,250,50,20,10,1,g,g,g,g,muỗng canh,Ướp cá với tỏi và ớt,Nướng ở 180°C,Làm sốt me,Rưới sốt lên cá và thưởng thức,,,
683c99140410126eb2b9effa,Đậu hũ sốt nấm rơm,/images/foods/tofu-straw-mushroom.jpg,250,18,20,12,vegan,healthy,,low_sugar,,lunch,dinner,,all,all,,Đậu hũ,Nấm rơm,Hành tây,Nước tương,Hành lá,200,150,50,2,20,g,g,g,muỗng canh,g,Chiên đậu hũ vàng,Xào nấm rơm với hành tây,Nấu sốt với nước tương,Trang trí với hành lá và thưởng thức,,,
683c99140410126eb2b9effb,Salad rau mầm với sốt mè rang,/images/foods/sprout-salad-roasted-sesame.jpg,180,10,20,8,vegan,healthy,,low_sugar,,lunch,dinner,,,hot,,Rau mầm,Mè rang,Dầu mè,Nước tương,Hành phi,200,20,1,1,10,g,g,muỗng canh,muỗng canh,g,Rửa sạch rau mầm,Làm sốt mè rang,Trộn đều với dầu mè và nước tương,Trang trí với hành phi và thưởng thức,,spring,summer
683c99140410126eb2b9effc,Rau lang xào tỏi,/images/foods/garlic-sweet-potato-leaves.jpg,130,6,18,7,vegan,healthy,,low_sugar,,lunch,dinner,,all,all,,Rau lang,Tỏi,Dầu ô liu,Muối,Tiêu,300,20,1,1,0.5,g,g,muỗng canh,muỗng cà phê,muỗng cà phê,Rửa và cắt rau,Băm nhỏ tỏi,Xào tỏi thơm,Xào rau với gia vị,Thưởng thức,,
683c99140410126eb2b9effd,Súp bí đao nấm,/images/foods/winter-melon-mushroom-soup.jpg,180,8,25,8,vegan,healthy,,low_sugar,,lunch,dinner,,,hot,,Bí đao,Nấm đông cô,Hành tây,Gừng,Hành lá,300,100,50,10,20,g,g,g,g,g,Nấu bí đao với hành tây và gừng,Thêm nấm,Nêm gia vị,Trang trí với hành lá và thưởng thức,,summer,
683c99140410126eb2b9effe,Canh rau ngót thịt bò,/images/foods/beef-sweet-leaf-soup.jpg,260,22,18,12,healthy,high_protein,,low_sodium,,lunch,dinner,,all,all,,Thịt bò,Rau ngót,Hành tây,Hành lá,Gừng,100,200,50,20,5,g,g,g,g,g,Nấu nước dùng với gừng,Thêm thịt bò,"Khi thịt chín, thêm rau",Nêm gia vị và thưởng thức,,,
683c99140410126eb2b9efff,Bánh mì nguyên cám với cá hồi và bơ,/images/foods/whole-grain-bread-salmon-avocado.jpg,380,25,30,22,high_protein,healthy,omega3,low_sugar,,breakfast,,,all,all,,Bánh mì nguyên cám,Cá hồi,Bơ,Rau xà lách,Chanh,2,100,50,50,0.5,lát,g,g,g,quả,Nướng bánh mì,Áp chảo cá hồi,Cắt bơ và rau,Trang trí và thưởng thức,,,
683c99140410126eb2b9f000,Yến mạch với sữa hạnh nhân và trái cây,/images/foods/oatmeal-almond-milk-fruits.jpg,300,12,45,12,healthy,vegan,,low_sugar,,breakfast,,,all,all,,Yến mạch,Sữa hạnh nhân,Táo,Hạt chia,Quế,50,200,1,10,1,g,ml,quả,g,muỗng cà phê,Nấu yến mạch với sữa hạnh nhân,Cắt táo,Thêm hạt chia và quế,Thưởng thức,,,
683c99140410126eb2b9f001,Sinh tố xoài và chuối,/images/foods/mango-banana-smoothie.jpg,280,8,45,10,healthy,vegan,,low_sugar,,snack,dessert,,,hot,,Xoài,Chuối,Sữa hạnh nhân,Hạt chia,Mật ong,150,1,200,10,5,g,quả,ml,g,ml,Cắt nhỏ trái cây,Xay nhuyễn với sữa hạnh nhân,Thêm hạt chia,Rưới mật ong và thưởng thức,,summer,
683c99140410126eb2b9f002,Sữa chua với trái cây và hạt,/images/foods/yogurt-fruits-nuts.jpg,300,18,30,15,healthy,high_protein,,low_sugar,,dessert,snack,,all,all,,Sữa chua Hy Lạp,Táo,Hạt hạnh nhân,Hạt óc chó,Mật ong,200,1,15,15,5,g,quả,g,g,ml,Cho sữa chua vào bát,Cắt táo,Thêm các loại hạt,Rưới mật ong và thưởng thức,,,
683c99140410126eb2b9f003,Cơm gạo lứt với gà xào nấm,/images/foods/brown-rice-chicken-mushroom.jpg,380,28,45,15,healthy,high_protein,,low_sugar,,lunch,dinner,,all,all,,Gạo lứt,Ức gà,Nấm đông cô,Nấm bào ngư,Nước tương,100,150,100,100,2,g,g,g,g,muỗng canh,Nấu gạo lứt,Xào thịt gà với gia vị,Xào nấm,Ăn kèm cơm gạo lứt,,,
683c99140410126eb2b9f004,Mì gạo lứt với tôm xào rau củ,/images/foods/brown-rice-noodles-shrimp-vegetables.jpg,400,25,45,18,healthy,high_protein,,low_sugar,,lunch,dinner,,all,all,,Mì gạo lứt,Tôm,Cà rốt,Đậu que,Nước tương,200,150,50,50,2,g,g,g,g,muỗng canh,Luộc mì gạo lứt,Xào tôm với gia vị,Xào rau củ,Trộn đều và thưởng thức,,,
683c99140410126eb2b9f005,Cá basa nướng sốt chanh dây,/images/foods/baked-basa-passion-fruit.jpg,360,30,18,20,high_protein,healthy,,low_sugar,,lunch,dinner,,all,all,,Cá basa,Chanh dây,Dầu ô liu,Hành tây,Gừng,200,2,1,30,5,g,quả,muỗng canh,g,g,Ướp cá với nước chanh dây,Nướng ở 180°C,Làm sốt chanh dây với hành tây và gừng,Rưới sốt lên cá và thưởng thức,,,
683c99140410126eb2b9f006,Đậu hũ sốt nấm và rau củ,/images/foods/tofu-mushroom-vegetables.jpg,260,18,22,12,vegan,healthy,,low_sugar,,lunch,dinner,,all,all,,Đậu hũ,Nấm đông cô,Cà rốt,Đậu que,Nước tương,200,100,50,50,2,g,g,g,g,muỗng canh,Chiên đậu hũ vàng,Xào nấm và rau củ,Nấu sốt với nước tương,Trang trí và thưởng thức,,,
683c99140410126eb2b9f007,Salad rau củ với sốt mè rang,/images/foods/vegetable-salad-roasted-sesame.jpg,200,8,25,10,vegan,healthy,,low_sugar,,lunch,dinner,,,hot,,Rau xà lách,Cà rốt,Dưa leo,Mè rang,Dầu mè,100,50,50,20,1,g,g,g,g,muỗng canh,Rửa và cắt rau củ,Làm sốt mè rang,Trộn đều với dầu mè,Trang trí và thưởng thức,,spring,summer
683c99140410126eb2b9f008,Rau cải xào tỏi,/images/foods/garlic-greens.jpg,120,5,15,6,vegan,healthy,,low_sugar,,lunch,dinner,,all,all,,Rau cải,Tỏi,Dầu ô liu,Muối,Tiêu,300,20,1,1,0.5,g,g,muỗng canh,muỗng cà phê,muỗng cà phê,Rửa và cắt rau,Băm nhỏ tỏi,Xào tỏi thơm,Xào rau với gia vị,Thưởng thức,,
683c99140410126eb2b9f009,Súp bí đỏ nấm,/images/foods/pumpkin-mushroom-soup.jpg,220,10,35,8,vegan,healthy,,low_sugar,,lunch,dinner,,,cold,rainy,Bí đỏ,Nấm đông cô,Hành tây,Sữa hạnh nhân,Gừng,300,100,50,200,10,g,g,g,ml,g,Nấu bí đỏ với hành tây và gừng,Thêm nấm,Xay nhuyễn,Thêm sữa hạnh nhân và thưởng thức,,winter,fall
683c99140410126eb2b9f00a,Canh rau cải thịt bò viên,/images/foods/beef-ball-vegetable-soup.jpg,280,22,18,12,healthy,high_protein,,low_sodium,,lunch,dinner,,all,all,,Thịt bò viên,Rau cải,Cà rốt,Hành lá,Gừng,150,200,50,20,5,g,g,g,g,g,Nấu nước dùng với gừng,Thêm thịt bò viên,"Khi thịt chín, thêm rau",Nêm gia vị và thưởng thức,,,
683c99140410126eb2b9f00b,Yến mạch với sữa chua và mật ong,/images/foods/oatmeal-yogurt-honey.jpg,300,12,45,10,healthy,high_protein,,low_sugar,,breakfast,,,all,all,,Yến mạch,Sữa chua Hy Lạp,Mật ong,Hạt chia,Quế,50,100,10,10,1,g,g,ml,g,muỗng cà phê,Nấu yến mạch với nước,Thêm sữa chua,Rưới mật ong,Trang trí với hạt chia và quế,Thưởng thức,,
683c99140410126eb2b9f00c,Bánh mì nguyên cám với trứng và rau,/images/foods/whole-grain-bread-eggs-vegetables.jpg,320,18,35,15,high_protein,healthy,,low_sugar,,breakfast,,,all,all,,Bánh mì nguyên cám,Trứng,Rau xà lách,Cà chua,Dầu ô liu,2,2,50,50,1,lát,quả,g,g,muỗng canh,Nướng bánh mì,Chiên trứng,Rửa và cắt rau,Trang trí và thưởng thức,,,
683c99140410126eb2b9f00d,Sinh tố chuối và hạt chia,/images/foods/banana-chia-smoothie.jpg,250,10,35,8,healthy,vegan,,low_sugar,,snack,dessert,,,hot,,Chuối,Sữa hạnh nhân,Hạt chia,Mật ong,Quế,2,200,15,5,1,quả,ml,g,ml,muỗng cà phê,Cắt nhỏ chuối,Xay nhuyễn với sữa hạnh nhân,Thêm hạt chia,Rưới mật ong và rắc quế,Thưởng thức,spring,summer
683c99140410126eb2b9f00e,Cơm gạo lứt với cá hồi nướng sốt cam,/images/foods/brown-rice-baked-salmon-orange.jpg,420,35,45,18,healthy,high_protein,omega3,low_sugar,,lunch,dinner,,all,all,,Gạo lứt,Cá hồi,Cam,Hành tây,Gừng,100,200,1,50,10,g,g,quả,g,g,Nấu gạo lứt,Ướp cá hồi với nước cam,Nướng cá ở 180°C,Làm sốt cam với hành tây và gừng,Ăn kèm cơm gạo lứt,,
683c99140410126eb2b9f00f,Mì gạo lứt với tôm xào rau củ,/images/foods/brown-rice-noodles-shrimp-vegetables.jpg,380,28,42,15,healthy,high_protein,,low_sugar,,lunch,dinner,,all,all,,Mì gạo lứt,Tôm,Cà rốt,Đậu que,Nấm đông cô,200,150,50,50,100,g,g,g,g,g,Luộc mì gạo lứt,Xào tôm với gia vị,Xào rau củ và nấm,Trộn đều và thưởng thức,,,
683c99140410126eb2b9f010,Salad cá ngừ với rau củ,/images/foods/tuna-vegetable-salad.jpg,320,30,20,15,healthy,high_protein,,low_sugar,,lunch,dinner,,,hot,,Cá ngừ,Rau xà lách,Cà chua,Dưa leo,Dầu ô liu,150,100,50,50,1,g,g,g,g,muỗng canh,Áp chảo cá ngừ,Rửa và cắt rau củ,Trộn đều với dầu ô liu,Trang trí và thưởng thức,,spring,summer
683c99140410126eb2b9f011,Súp bí đỏ với nấm và sữa hạnh nhân,/images/foods/pumpkin-mushroom-almond-soup.jpg,250,12,35,10,vegan,healthy,,low_sugar,,lunch,dinner,,,cold,rainy,Bí đỏ,Nấm đông cô,Sữa hạnh nhân,Hành tây,Gừng,300,100,200,50,10,g,g,ml,g,g,Nấu bí đỏ với hành tây và gừng,Thêm nấm,Xay nhuyễn,Thêm sữa hạnh nhân và thưởng thức,,winter,fall
683c99140410126eb2b9f012,Yến mạch với sữa chua và trái cây,/images/foods/oatmeal-yogurt-fruits.jpg,350,15,45,12,healthy,high_protein,,low_sugar,,breakfast,,,all,all,,Yến mạch,Sữa chua Hy Lạp,Chuối,Dâu tây,Hạt chia,50,100,1,50,10,g,g,quả,g,g,Nấu yến mạch với nước,Thêm sữa chua,Trang trí với trái cây và hạt chia,Thưởng thức,,,
683c99140410126eb2b9f013,Bánh mì nguyên cám với trứng và bơ,/images/foods/whole-grain-bread-eggs-avocado.jpg,380,20,35,22,high_protein,healthy,,low_sugar,,breakfast,,,all,all,,Bánh mì nguyên cám,Trứng,Bơ,Rau xà lách,Cà chua,2,2,50,50,50,lát,quả,g,g,g,Nướng bánh mì,Chiên trứng,Cắt bơ và rau,Trang trí và thưởng thức,,,
683c99140410126eb2b9f014,Đậu hũ sốt nấm và rau củ,/images/foods/tofu-mushroom-vegetables.jpg,280,18,25,12,vegan,healthy,,low_sugar,,lunch,dinner,,all,all,,Đậu hũ,Nấm đông cô,Cà rốt,Đậu que,Nước tương,200,100,50,50,2,g,g,g,g,muỗng canh,Chiên đậu hũ vàng,Xào nấm và rau củ,Nấu sốt với nước tương,Trang trí và thưởng thức,,,
683c99140410126eb2b9f015,Sinh tố chuối và hạt chia,/images/foods/banana-chia-smoothie.jpg,250,10,35,8,healthy,vegan,,low_sugar,,snack,dessert,,,hot,,Chuối,Sữa hạnh nhân,Hạt chia,Mật ong,Quế,2,200,15,5,1,quả,ml,g,ml,muỗng cà phê,Cắt nhỏ chuối,Xay nhuyễn với sữa hạnh nhân,Thêm hạt chia,Rưới mật ong và rắc quế,Thưởng thức,spring,summer
683c99140410126eb2b9f016,Canh rau cải thịt bò viên,/images/foods/beef-ball-vegetable-soup.jpg,300,25,20,15,healthy,high_protein,,low_sodium,,lunch,dinner,,all,all,,Thịt bò viên,Rau cải,Cà rốt,Hành lá,Gừng,150,200,50,20,5,g,g,g,g,g,Nấu nước dùng với gừng,Thêm thịt bò viên,"Khi thịt chín, thêm rau",Nêm gia vị và thưởng thức,,,
683c99140410126eb2b9f017,Sữa chua với trái cây và granola,/images/foods/yogurt-fruits-granola.jpg,300,15,35,12,healthy,high_protein,,low_sugar,,dessert,snack,,all,all,,Sữa chua Hy Lạp,Dâu tây,Chuối,Granola,Mật ong,200,50,1,30,5,g,g,quả,g,ml,Cho sữa chua vào bát,Cắt trái cây,Thêm granola,Rưới mật ong,Thưởng thức,,
683c99140410126eb2b9f018,Ức gà luộc,/images/foods/boiled-chicken-breast.jpg,165,31,0,3.6,high_protein,healthy,,,,lunch,dinner,,all,all,,Ức gà,,,,,100,,,,,g,,,,,Luộc ức gà với nước và một ít muối.,,,,,,
683c99140410126eb2b9f019,Cá ngừ hộp nước muối,/images/foods/tuna-can.jpg,120,26,0,1,high_protein,healthy,,,,lunch,dinner,,all,all,,Cá ngừ hộp,,,,,100,,,,,g,,,,,Ăn trực tiếp hoặc trộn salad.,,,,,,
683c99140410126eb2b9f01a,Thịt bò nạc luộc,/images/foods/boiled-lean-beef.jpg,170,28,0,5,high_protein,healthy,,,,lunch,dinner,,all,all,,Thịt bò nạc,,,,,100,,,,,g,,,,,Luộc thịt bò với một ít muối.,,,,,,
683c99140410126eb2b9f01b,Lòng trắng trứng luộc,/images/foods/boiled-egg-white.jpg,52,11,0.7,0.2,high_protein,healthy,,,,breakfast,lunch,dinner,all,all,,Lòng trắng trứng,,,,,100,,,,,g,,,,,Luộc lòng trắng trứng cho đến khi chín.,,,,,,
683c99140410126eb2b9f01c,Cá basa hấp,/images/foods/steamed-basa-fish.jpg,105,20,0,2.5,high_protein,healthy,,,,lunch,dinner,,all,all,,Cá basa,,,,,100,,,,,g,,,,,Hấp cá basa với gừng và hành.,,,,,,
683c99140410126eb2b9f01d,Tôm luộc,/images/foods/boiled-shrimp.jpg,99,24,0.2,0.3,high_protein,healthy,,shellfish,,lunch,dinner,,all,all,,Tôm,,,,,100,,,,,g,,,,,Luộc tôm với một ít muối.,,,,,,
683c99140410126eb2b9f01e,Đậu phụ non hấp,/images/foods/steamed-silken-tofu.jpg,62,7,1.2,3,high_protein,vegan,healthy,,,lunch,dinner,,all,all,,Đậu phụ non,,,,,100,,,,,g,,,,,"Hấp đậu phụ non cho nóng, ăn kèm nước tương.",,,,,,
683c99140410126eb2b9f01f,Cá thu nướng,/images/foods/grilled-mackerel.jpg,205,25,0,11,high_protein,omega3,healthy,,,lunch,dinner,,all,all,,Cá thu,,,,,100,,,,,g,,,,,Nướng cá thu với một ít muối và tiêu.,,,,,,
683c99140410126eb2b9f020,Thịt lợn nạc luộc,/images/foods/boiled-lean-pork.jpg,143,22,0,5,high_protein,healthy,,pork,,lunch,dinner,,all,all,,Thịt lợn nạc,,,,,100,,,,,g,,,,,Luộc thịt lợn nạc với một ít muối.,,,,,,
683c99140410126eb2b9f021,Sữa chua Hy Lạp không đường,/images/foods/greek-yogurt.jpg,59,10,3.6,0.4,high_protein,healthy,,dairy,,breakfast,snack,,all,all,,Sữa chua Hy Lạp,,,,,100,,,,,g,,,,,Ăn trực tiếp hoặc kết hợp với trái cây ít đường.,,,,,,
683c99140410126eb2b9f022,Cơm trắng,/images/foods/white-rice.jpg,130,2.7,28,0.3,carb_rich,,,,,lunch,dinner,,all,all,,Gạo trắng,,,,,100,,,,,g,,,,,Nấu cơm như bình thường.,,,,,,
683c99140410126eb2b9f023,Khoai lang luộc,/images/foods/boiled-sweet-potato.jpg,86,1.6,20,0.1,carb_rich,healthy,,,,breakfast,lunch,dinner,all,all,,Khoai lang,,,,,100,,,,,g,,,,,Luộc khoai lang cho đến khi chín mềm.,,,,,,
683c99140410126eb2b9f024,Bánh mì trắng,/images/foods/white-bread.jpg,265,7,49,3.2,carb_rich,,,gluten,,breakfast,lunch,,all,all,,Bánh mì trắng,,,,,100,,,,,g,,,,,Ăn trực tiếp hoặc nướng. ,,,,,,
683c99140410126eb2b9f025,Bún tươi,/images/foods/fresh-rice-noodles.jpg,110,1.8,25,0.2,carb_rich,,,,,lunch,dinner,,all,all,,Bún tươi,,,,,100,,,,,g,,,,,Ăn trực tiếp hoặc dùng với nước dùng.,,,,,,
683c99140410126eb2b9f026,Miến dong luộc,/images/foods/boiled-glass-noodles.jpg,80,0.2,19,0.1,carb_rich,vegan,,,,lunch,dinner,,all,all,,Miến dong,,,,,100,,,,,g,,,,,Luộc miến dong cho mềm.,,,,,,
683c99140410126eb2b9f027,Cháo trắng,/images/foods/plain-rice-porridge.jpg,70,1.5,16,0.1,carb_rich,,,,,breakfast,lunch,dinner,all,all,,Gạo trắng,,,,,100,,,,,g,,,,,Nấu cháo trắng với nhiều nước.,,,,,,
683c99140410126eb2b9f028,Bánh phở luộc,/images/foods/boiled-pho-noodles.jpg,110,2,24,0.2,carb_rich,,,,,lunch,dinner,,all,all,,Bánh phở,,,,,100,,,,,g,,,,,Luộc bánh phở cho mềm.,,,,,,
683c99140410126eb2b9f029,Khoai tây luộc,/images/foods/boiled-potato.jpg,77,2,17,0.1,carb_rich,healthy,,,,breakfast,lunch,dinner,all,all,,Khoai tây,,,,,100,,,,,g,,,,,Luộc khoai tây cho đến khi chín mềm.,,,,,,
683c99140410126eb2b9f02a,Ngô luộc,/images/foods/boiled-corn.jpg,96,3.4,21,1.5,carb_rich,healthy,,,,breakfast,lunch,dinner,all,all,,Ngô,,,,,100,,,,,g,,,,,Luộc ngô cho đến khi chín mềm.,,,,,,
683c99140410126eb2b9f02b,Bánh đa khô luộc,/images/foods/boiled-dried-noodles.jpg,120,2.5,27,0.3,carb_rich,,,,,lunch,dinner,,all,all,,Bánh đa khô,,,,,100,,,,,g,,,,,Luộc bánh đa khô cho mềm.,,,,,,
683c99140410126eb2b9f02c,Bơ quả,/images/foods/avocado.jpg,160,2,8.5,15,fat_rich,healthy,,,,breakfast,snack,,all,all,,Bơ,,,,,100,,,,,g,,,,,Ăn trực tiếp hoặc làm salad.,,,,,,
683c99140410126eb2b9f02d,Dầu oliu,/images/foods/olive-oil.jpg,119,0,0,13.5,fat_rich,vegan,,,,lunch,dinner,,all,all,,Dầu oliu,,,,,15,,,,,ml,,,,,Dùng để trộn salad hoặc nấu ăn.,,,,,,
683c99140410126eb2b9f02e,Hạnh nhân rang,/images/foods/roasted-almonds.jpg,579,21,22,50,fat_rich,healthy,,nuts,,snack,,,all,all,,Hạnh nhân,,,,,100,,,,,g,,,,,Ăn trực tiếp hoặc làm topping cho salad.,,,,,,
683c99140410126eb2b9f02f,Hạt óc chó,/images/foods/walnuts.jpg,654,15,14,65,fat_rich,healthy,,nuts,,snack,,,all,all,,Hạt óc chó,,,,,100,,,,,g,,,,,Ăn trực tiếp hoặc làm topping cho salad.,,,,,,
683c99140410126eb2b9f030,Dừa tươi,/images/foods/coconut.jpg,354,3.3,15,33,fat_rich,vegan,,,,snack,dessert,,all,all,,Cơm dừa,,,,,100,,,,,g,,,,,Ăn trực tiếp hoặc làm topping cho món tráng miệng.,,,,,,
683c99140410126eb2b9f031,Phô mai cheddar,/images/foods/cheddar-cheese.jpg,403,25,1.3,33,fat_rich,dairy,,dairy,,breakfast,snack,,all,all,,Phô mai cheddar,,,,,100,,,,,g,,,,,Ăn trực tiếp hoặc dùng với bánh mì.,,,,,,
683c99140410126eb2b9f032,Bơ đậu phộng,/images/foods/peanut-butter.jpg,588,25,20,50,fat_rich,vegan,,nuts,,breakfast,snack,,all,all,,Bơ đậu phộng,,,,,100,,,,,g,,,,,Ăn trực tiếp hoặc phết lên bánh mì.,,,,,,
683c99140410126eb2b9f033,Hạt điều rang,/images/foods/roasted-cashews.jpg,553,18,30,44,fat_rich,healthy,,nuts,,snack,,,all,all,,Hạt điều,,,,,100,,,,,g,,,,,Ăn trực tiếp hoặc làm topping cho salad.,,,,,,
683c99140410126eb2b9f034,Dầu dừa,/images/foods/coconut-oil.jpg,862,0,0,100,fat_rich,vegan,,,,lunch,dinner,,all,all,,Dầu dừa,,,,,15,,,,,ml,,,,,Dùng để nấu ăn hoặc trộn salad.,,,,,,
683c99140410126eb2b9f035,Hạt hướng dương rang,/images/foods/roasted-sunflower-seeds.jpg,584,21,20,51,fat_rich,vegan,,nuts,,snack,,,all,all,,Hạt hướng dương,,,,,100,,,,,g,,,,,Ăn trực tiếp hoặc làm topping cho salad.,,,,,,
683c99140410126eb2b9f036,Trứng luộc,/images/foods/boiled-egg.jpg,78,6,1,5,healthy,high_protein,quick,gluten_free,low_carb,breakfast,sanck,,all,all,,Trứng gà,Muối,,,,50,1,,,,g,g,,,,"Cho trứng vào nồi, thêm nước và một chút muối.",Luộc trong 8-10 phút đến khi trứng chín.,Bóc vỏ và dùng nóng.,,,,
683c99140410126eb2b9f037,Ức gà nướng,/images/foods/grilled-chicken-breast.jpg,165,31,0,3.6,healthy,high_protein,low_fat,gluten_free,low_carb,lunch,,,all,all,,Ức gà,Muối,Tiêu,,,100,1,0.5,,,g,g,g,,,"Rửa sạch ức gà, ướp với muối và tiêu trong 15 phút.","Nướng trên chảo hoặc lò nướng ở 200°C trong 20 phút, trở đều.",Cắt lát và dùng nóng.,,,,
683c99140410126eb2b9f038,Đậu hũ chiên giòn,/images/foods/fried-tofu.jpg,120,10,2,8,vegan,high_protein,,gluten_free,low_carb,dinner,,,all,all,,Đậu hũ,Dầu ăn,,,,100,5,,,,g,ml,,,,"Cắt đậu hũ thành miếng vừa ăn, để ráo nước.","Đun nóng dầu, chiên đậu hũ ở lửa vừa đến khi vàng giòn.","Vớt ra, để ráo dầu và dùng nóng.",,,,
683c99140410126eb2b9f039,Tôm hấp bia,/images/foods/steamed-shrimp-beer.jpg,90,20,1,1,healthy,high_protein,low_fat,gluten_free,low_carb,dinner,,,all,all,,Tôm tươi,Bia,Sả,,,100,50,10,,,g,ml,g,,,"Rửa sạch tôm, để ráo. Đập dập sả và lót dưới nồi.","Đặt tôm lên trên sả, đổ bia vào nồi.","Hấp trong 10 phút đến khi tôm chín đỏ, dùng nóng.",,,,
683c99140410126eb2b9f03a,Thịt heo luộc,/images/foods/boiled-pork.jpg,200,25,0,10,high_protein,quick,,gluten_free,low_carb,lunch,,,all,all,,Thịt heo,Muối,,,,100,1,,,,g,g,,,,"Rửa sạch thịt heo, cho vào nồi nước lạnh với chút muối.",Luộc ở lửa vừa trong 20 phút đến khi thịt chín.,"Vớt ra, thái lát mỏng, dùng với nước mắm.",,,,
683c99140410126eb2b9f03b,Cá thu chiên,/images/foods/fried-mackerel.jpg,190,22,0,12,high_protein,,,gluten_free,low_carb,dinner,,,all,all,,Cá thu,Muối,Dầu ăn,,,100,1,5,,,g,g,ml,,,"Rửa sạch cá thu, ướp với muối trong 10 phút.","Đun nóng dầu, chiên cá ở lửa vừa đến khi vàng hai mặt.","Vớt ra, để ráo dầu, dùng nóng.",,,,
683c99140410126eb2b9f03c,Đậu hũ hấp trứng,/images/foods/steamed-tofu-egg.jpg,110,12,2,6,vegan,high_protein,healthy,gluten_free,low_carb,snack,,,all,all,,Đậu hũ,Trứng gà,,,,80,50,,,,g,g,,,,"Cắt đậu hũ thành miếng, đặt vào bát.","Đập trứng vào bát, trộn đều với đậu hũ.","Hấp trong 15 phút đến khi trứng chín, dùng nóng.",,,,
683c99140410126eb2b9f03d,Trứng chiên cà chua,/images/foods/egg-tomato-omelette.jpg,90,6,5,5,healthy,high_protein,quick,gluten_free,,breakfast,,,all,all,,Trứng gà,Cà chua,Dầu ăn,,,50,50,3,,,g,g,ml,,,"Đập trứng vào bát, đánh tan. Cà chua cắt nhỏ.","Đun nóng dầu, cho cà chua vào xào sơ, sau đó đổ trứng vào.","Chiên ở lửa vừa đến khi trứng chín, dùng nóng.",,,,
683c99140410126eb2b9f03e,Trứng chiên cà chua,/images/foods/egg-tomato-omelette.jpg,90,6,5,5,healthy,high_protein,quick,gluten_free,,breakfast,,,all,all,,Trứng gà,Cà chua,Dầu ăn,,,50,50,3,,,g,g,ml,,,"Đập trứng vào bát, đánh tan. Cà chua cắt nhỏ.","Đun nóng dầu, cho cà chua vào xào sơ, sau đó đổ trứng vào.","Chiên ở lửa vừa đến khi trứng chín, dùng nóng.",,,,
683c99140410126eb2b9f03f,Thịt bò nướng lá lốt,/images/foods/grilled-beef-lot-leaf.jpg,180,24,1,9,high_protein,,,gluten_free,low_carb,dinner,,,all,all,,Thịt bò,Lá lốt,Muối,,,100,20,1,,,g,g,g,,,"Băm nhỏ thịt bò, ướp với muối trong 15 phút.","Cuốn thịt bò vào lá lốt, xiên que.","Nướng trên than hoặc lò nướng ở 200°C trong 10 phút, dùng nóng.",,,,
683c99140410126eb2b9f040,Cơm gạo lứt,/images/foods/boiled-brown-rice.jpg,130,2.5,25,1,healthy,high_carb,low_fat,gluten_free,vegan,breakfast,,,all,all,,Gạo lứt,Nước,,,,100,200,,,,g,ml,,,,"Rửa gạo lứt sạch, ngâm 30 phút.","Cho gạo và nước vào nồi, luộc ở lửa vừa trong 40 phút đến khi chín mềm.","Để ráo nước, dùng nóng.",,,,
683c99140410126eb2b9f041,Bánh mì ,/images/foods/whole-wheat-toast.jpg,250,9,48,3,high_carb,quick,,vegetarian,,lunch,,,all,all,,Bánh mì nguyên cám,Dầu ô liu,,,,100,2,,,,g,ml,,,,"Cắt bánh mì thành lát, phết nhẹ dầu ô liu.",Nướng ở 180°C trong 10 phút đến khi vàng giòn.,Dùng nóng với rau hoặc phô mai.,,,,
683c99140410126eb2b9f042,Khoai lang chiên,/images/foods/fried-sweet-potato.jpg,150,2,35,4,high_carb,healthy,,gluten_free,vegan,dinner,,,all,all,,Khoai lang,Dầu ăn,,,,100,5,,,,g,ml,,,,"Gọt vỏ khoai lang, cắt thành que, rửa sạch.","Đun nóng dầu, chiên khoai ở lửa vừa đến khi vàng giòn.","Vớt ra, để ráo dầu, dùng nóng.",,,,
683c99140410126eb2b9f043,Bánh khoai tây hấp,/images/foods/steamed-potato-cake.jpg,120,3,28,1,high_carb,healthy,,gluten_free,vegan,snack,,,all,all,,Khoai tây,Muối,,,,100,1,,,,g,g,,,,"Gọt vỏ khoai tây, nghiền nhuyễn, nêm muối.","Định hình thành bánh, đặt vào xửng.","Hấp trong 15 phút đến khi chín mềm, dùng nóng.",,,,
683c99140410126eb2b9f044,Cơm trắng,/images/foods/boiled-white-rice.jpg,130,2.5,28,0.3,high_carb,quick,,gluten_free,vegan,lunch,,,all,all,,Gạo trắng,Nước,,,,100,200,,,,g,ml,,,,"Rửa gạo trắng sạch, ngâm 20 phút.","Cho gạo và nước vào nồi, luộc ở lửa vừa trong 20 phút.","Để ráo nước, dùng nóng.",,,,
683c99140410126eb2b9f045,Bánh ngô chiên,/images/foods/fried-corn-cake.jpg,180,4,32,6,high_carb,vegetarian,,gluten_free,,dinner,,,all,all,,Ngô ngọt,Dầu ăn,,,,100,5,,,,g,ml,,,,"Xay nhuyễn ngô, định hình thành bánh.","Đun nóng dầu, chiên bánh ngô ở lửa vừa đến khi vàng.","Vớt ra, để ráo dầu, dùng nóng.",,,,
683c99140410126eb2b9f046,Yến mạch,/images/foods/cooked-oatmeal.jpg,120,5,27,2,high_carb,healthy,,gluten_free,vegan,breakfast,,,all,all,,Yến mạch,Nước,,,,100,200,,,,g,ml,,,,Cho yến mạch và nước vào nồi.,"Nấu ở lửa vừa trong 10 phút, khuấy đều đến khi sệt.",Dùng nóng với trái cây tùy chọn.,,,,
683c99140410126eb2b9f047,Bánh mì khoai lang nướng,/images/foods/sweet-potato-bread-toast.jpg,220,4,45,3,high_carb,healthy,,vegetarian,,snack,,,all,all,,Bánh mì,Khoai lang nghiền,,,,80,20,,,,g,g,,,,Phết khoai lang nghiền lên bánh mì.,Nướng ở 180°C trong 8 phút đến khi vàng.,Dùng nóng hoặc nguội.,,,,
683c99140410126eb2b9f048,Mì sợi,/images/foods/boiled-noodles.jpg,140,5,30,1,high_carb,quick,,vegetarian,,lunch,,,all,all,,Mì sợi,Nước,,,,100,300,,,,g,ml,,,,"Đun sôi nước, cho mì sợi vào luộc 5 phút.","Vớt mì ra, để ráo nước.",Dùng với nước sốt hoặc rau tùy chọn.,,,,
683c99140410126eb2b9f049,Bánh gạo nướng,/images/foods/grilled-rice-cake.jpg,160,3,35,1,high_carb,healthy,,gluten_free,vegan,snack,,,all,all,,Bánh gạo,Muối,,,,100,1,,,,g,g,,,,Phết nhẹ muối lên bánh gạo.,Nướng ở 150°C trong 5 phút đến khi giòn.,Dùng nóng hoặc nguội.,,,,
683c99140410126eb2b9f04a,Bơ nghiền,/images/foods/mashed-avocado.jpg,160,2,9,15,healthy,high_fat,vegan,gluten_free,low_carb,breakfast,,,all,all,,Quả bơ,Muối,,,,100,1,,,,g,g,,,,"Cắt đôi quả bơ, lấy phần thịt, nghiền nhuyễn.",Nêm chút muối cho vừa miệng.,Dùng ngay với bánh mì hoặc ăn trực tiếp.,,,,
683c99140410126eb2b9f04b,Thịt ba chỉ nướng,/images/foods/grilled-pork-belly.jpg,300,12,0,28,high_fat,savory,,gluten_free,low_carb,lunch,,,all,all,,Thịt ba chỉ,Muối,Tiêu,,,100,1,0.5,,,g,g,g,,,"Rửa sạch thịt ba chỉ, ướp với muối và tiêu trong 15 phút.","Nướng trên chảo hoặc lò ở 200°C trong 20 phút, trở đều.","Cắt lát, dùng nóng với rau sống.",,,,
683c99140410126eb2b9f04c,Cá hồi chiên,/images/foods/fried-salmon.jpg,250,20,0,18,high_fat,healthy,,gluten_free,low_carb,dinner,,,all,all,,Cá hồi fillet,Dầu ô liu,,,,100,5,,,,g,ml,,,,"Rửa sạch cá hồi, ướp với muối trong 10 phút.","Đun nóng dầu ô liu, chiên cá ở lửa vừa đến khi vàng hai mặt.",Dùng nóng với chanh hoặc rau.,,,,
683c99140410126eb2b9f04d,Hạt óc chó rang,/images/foods/roasted-walnuts.jpg,185,4,4,18,high_fat,healthy,vegan,gluten_free,low_carb,snack,,,all,all,,Hạt óc chó,,,,,100,,,,,g,,,,,"Rửa sạch hạt óc chó, để ráo nước.",Rang trên chảo không dầu ở lửa vừa trong 5-7 phút đến khi thơm.,"Để nguội, dùng làm món ăn vặt.",,,,
683c99140410126eb2b9f04e,Dừa nạo,/images/foods/shredded-coconut.jpg,354,3,15,33,high_fat,vegan,,gluten_free,low_carb,lunch,,,all,all,,Dừa tươi,,,,,100,,,,,g,,,,,"Tách vỏ dừa, nạo phần cùi trắng.","Rửa sạch, để ráo nước.",Dùng trực tiếp hoặc trộn với đường tùy thích.,,,,
683c99140410126eb2b9f04f,Trứng ốp la,/images/foods/fried-egg.jpg,120,6,1,10,high_fat,quick,,gluten_free,low_carb,breakfast,,,all,all,,Trứng gà,Dầu ăn,,,,50,5,,,,g,ml,,,,Đun nóng dầu trong chảo.,"Đập trứng vào, rán ở lửa vừa đến khi lòng đỏ chín vừa.",Dùng nóng với bánh mì hoặc rau.,,,,
683c99140410126eb2b9f050,Phô mai tan chảy,/images/foods/melted-cheese.jpg,300,7,1,25,high_fat,savory,,gluten_free,,snack,,,all,all,,Phô mai cheddar,,,,,100,,,,,g,,,,,Cắt phô mai thành miếng nhỏ.,Đun chảy phô mai trên chảo hoặc lò vi sóng ở nhiệt độ thấp.,Dùng nóng với bánh mì hoặc rau củ.,,,,
683c99140410126eb2b9f051,Thịt xá xíu,/images/foods/char-siu-pork.jpg,280,18,5,20,high_fat,savory,,gluten_free,,dinner,,,all,all,,Thịt heo vai,Mật ong,Dầu ăn,,,100,10,5,,,g,g,ml,,,Ướp thịt với mật ong và dầu trong 1 giờ.,"Nướng ở 200°C trong 25 phút, quét thêm nước ướp giữa chừng.","Cắt lát, dùng nóng với cơm hoặc rau.",,,,
683c99140410126eb2b9f052,Hạt điều rang,/images/foods/roasted-cashews.jpg,180,5,9,15,high_fat,healthy,vegan,gluten_free,low_carb,snack,,,all,all,,Hạt điều,,,,,100,,,,,g,,,,,"Rửa sạch hạt điều, để ráo nước.",Rang trên chảo không dầu ở lửa vừa trong 5-7 phút đến khi thơm.,"Để nguội, dùng làm món ăn vặt.",,,,
683c99140410126eb2b9f053,Sữa chua béo,/images/foods/full-fat-yogurt.jpg,150,5,7,12,high_fat,healthy,,gluten_free,,breakfast,,,all,all,,Sữa chua béo,,,,,100,,,,,g,,,,,Lấy sữa chua béo ra khỏi tủ lạnh.,Trộn đều với mật ong hoặc trái cây tùy chọn.,Dùng lạnh để tăng hương vị.,,,,
